[
  {
    "id": 4154,
    "updated": "2020-05-26T10:59:56Z",
    "active": true,
    "code": "PER_3055_",
    "firstName": "Jean-Luc",
    "lastName": "Addor",
    "number": 3055,
    "officialDenomination": "Addor",
    "salutationLetter": null,
    "salutationTitle": null
  },
  {
    "id": 3867,
    "updated": "2019-11-13T15:22:53Z",
    "active": true,
    "code": "PER_2670_",
    "firstName": "Andreas",
    "lastName": "Aebi",
    "number": 2670,
    "officialDenomination": "Aebi Andreas",
    "salutationLetter": null,
    "salutationTitle": null
  },
  {
    "id": 4049,
    "updated": "2020-03-04T08:32:37Z",
    "active": true,
    "code": "PER_2760_",
    "firstName": "Matthias",
    "lastName": "Aebischer",
    "number": 2760,
    "officialDenomination": "Aebischer Matthias",
    "salutationLetter": null,
    "salutationTitle": null
  },
  {
    "id": 4053,
    "updated": "2020-04-01T13:38:44Z",
    "active": true,
    "code": "PER_2758_",
    "firstName": "Thomas",
    "lastName": "Aeschi",
    "number": 2758,
    "officialDenomination": "Aeschi Thomas",
    "salutationLetter": null,
    "salutationTitle": null
  },
  {
    "id": 4090,
    "updated": "2019-11-19T11:56:59Z",
    "active": true,
    "code": "PER_2796_",
    "firstName": "Céline",
    "lastName": "Amaudruz",
    "number": 2796,
    "officialDenomination": "Amaudruz",
    "salutationLetter": null,
    "salutationTitle": null
  },
  {
    "id": 4245,
    "updated": "2020-05-20T15:59:19Z",
    "active": true,
    "code": "PER_3137_",
    "firstName": "Gerhard",
    "lastName": "Andrey",
    "number": 3137,
    "officialDenomination": "Andrey",
    "salutationLetter": null,
    "salutationTitle": null
  },
  {
    "id": 4184,
    "updated": "2020-09-09T09:44:37Z",
    "active": true,
    "code": "PER_3058_",
    "firstName": "Sibel",
    "lastName": "Arslan",
    "number": 3058,
    "officialDenomination": "Arslan",
    "salutationLetter": null,
    "salutationTitle": null
  },
  {
    "id": 4304,
    "updated": "2019-11-14T18:51:47Z",
    "active": true,
    "code": "PER_3201_",
    "firstName": "Mustafa",
    "lastName": "Atici",
    "number": 3201,
    "officialDenomination": "Atici",
    "salutationLetter": null,
    "salutationTitle": null
  },
  {
    "id": 4246,
    "updated": "2020-02-12T07:45:02Z",
    "active": true,
    "code": "PER_3138_",
    "firstName": "Christine",
    "lastName": "Badertscher",
    "number": 3138,
    "officialDenomination": "Badertscher",
    "salutationLetter": null,
    "salutationTitle": null
  },
  {
    "id": 4058,
    "updated": "2019-10-22T15:15:34Z",
    "active": true,
    "code": "PER_2762_",
    "firstName": "Jacqueline",
    "lastName": "Badran",
    "number": 2762,
    "officialDenomination": "Badran Jacqueline",
    "salutationLetter": null,
    "salutationTitle": null
  },
  {
    "id": 4203,
    "updated": "2019-12-18T10:07:32Z",
    "active": true,
    "code": "PER_3104_",
    "firstName": "Angelo",
    "lastName": "Barrile",
    "number": 3104,
    "officialDenomination": "Barrile",
    "salutationLetter": null,
    "salutationTitle": null
  },
  {
    "id": 4187,
    "updated": "2019-11-19T12:15:42Z",
    "active": true,
    "code": "PER_3059_",
    "firstName": "Philippe",
    "lastName": "Bauer",
    "number": 3059,
    "officialDenomination": "Bauer",
    "salutationLetter": null,
    "salutationTitle": null
  },
  {
    "id": 4247,
    "updated": "2019-10-30T09:38:37Z",
    "active": true,
    "code": "PER_3139_",
    "firstName": "Kilian",
    "lastName": "Baumann",
    "number": 3139,
    "officialDenomination": "Baumann",
    "salutationLetter": null,
    "salutationTitle": null
  },
  {
    "id": 4238,
    "updated": "2019-11-15T12:27:49Z",
    "active": true,
    "code": "PER_3193_",
    "firstName": "Elisabeth",
    "lastName": "Baume-Schneider",
    "number": 3193,
    "officialDenomination": "Baume-Schneider",
    "salutationLetter": null,
    "salutationTitle": null
  },
  {
    "id": 1138,
    "updated": "2020-02-27T11:10:31Z",
    "active": true,
    "code": "PER_2585_",
    "firstName": "Martin",
    "lastName": "Bäumle",
    "number": 2585,
    "officialDenomination": "Bäumle",
    "salutationLetter": null,
    "salutationTitle": null
  },
  {
    "id": 4248,
    "updated": "2020-01-30T07:23:28Z",
    "active": true,
    "code": "PER_3140_",
    "firstName": "Judith",
    "lastName": "Bellaïche",
    "number": 3140,
    "officialDenomination": "Bellaïche",
    "salutationLetter": null,
    "salutationTitle": null
  },
  {
    "id": 4213,
    "updated": "2019-10-22T15:15:34Z",
    "active": true,
    "code": "PER_3114_",
    "firstName": "Samuel",
    "lastName": "Bendahan",
    "number": 3114,
    "officialDenomination": "Bendahan",
    "salutationLetter": null,
    "salutationTitle": null
  },
  {
    "id": 4102,
    "updated": "2019-11-13T18:09:25Z",
    "active": true,
    "code": "PER_3016_",
    "firstName": "Kathrin",
    "lastName": "Bertschy",
    "number": 3016,
    "officialDenomination": "Bertschy",
    "salutationLetter": null,
    "salutationTitle": null
  },
  {
    "id": 4249,
    "updated": "2019-11-15T16:04:07Z",
    "active": true,
    "code": "PER_3141_",
    "firstName": "Marianne",
    "lastName": "Binder-Keller",
    "number": 3141,
    "officialDenomination": "Binder",
    "salutationLetter": null,
    "salutationTitle": null
  },
  {
    "id": 4250,
    "updated": "2019-12-13T14:06:45Z",
    "active": true,
    "code": "PER_3142_",
    "firstName": "Martina",
    "lastName": "Bircher",
    "number": 3142,
    "officialDenomination": "Bircher",
    "salutationLetter": null,
    "salutationTitle": null
  },
  {
    "id": 4030,
    "updated": "2019-12-13T09:43:42Z",
    "active": true,
    "code": "PER_2743_",
    "firstName": "Prisca",
    "lastName": "Birrer-Heimo",
    "number": 2743,
    "officialDenomination": "Birrer-Heimo",
    "salutationLetter": null,
    "salutationTitle": null
  },
  {
    "id": 3871,
    "updated": "2020-05-15T10:29:47Z",
    "active": true,
    "code": "PER_2674_",
    "firstName": "Pirmin",
    "lastName": "Bischof",
    "number": 2674,
    "officialDenomination": "Bischof",
    "salutationLetter": null,
    "salutationTitle": null
  },
  {
    "id": 4188,
    "updated": "2020-07-10T08:41:11Z",
    "active": true,
    "code": "PER_3061_",
    "firstName": "Frédéric",
    "lastName": "Borloz",
    "number": 3061,
    "officialDenomination": "Borloz",
    "salutationLetter": null,
    "salutationTitle": null
  },
  {
    "id": 3872,
    "updated": "2019-10-31T16:07:49Z",
    "active": true,
    "code": "PER_2675_",
    "firstName": "Jacques",
    "lastName": "Bourgeois",
    "number": 2675,
    "officialDenomination": "Bourgeois",
    "salutationLetter": null,
    "salutationTitle": null
  },
  {
    "id": 4230,
    "updated": "2019-12-13T14:40:24Z",
    "active": true,
    "code": "PER_3131_",
    "firstName": "Philipp Matthias",
    "lastName": "Bregy",
    "number": 3131,
    "officialDenomination": "Bregy",
    "salutationLetter": null,
    "salutationTitle": null
  },
  {
    "id": 724,
    "updated": "2019-10-22T15:15:34Z",
    "active": true,
    "code": "PER_2023_",
    "firstName": "Daniel",
    "lastName": "Brélaz",
    "number": 2023,
    "officialDenomination": "Brélaz",
    "salutationLetter": null,
    "salutationTitle": null
  },
  {
    "id": 4315,
    "updated": "2020-03-05T11:29:59Z",
    "active": true,
    "code": "PER_3211_",
    "firstName": "Florence",
    "lastName": "Brenzikofer",
    "number": 3211,
    "officialDenomination": "Brenzikofer",
    "salutationLetter": null,
    "salutationTitle": null
  },
  {
    "id": 4251,
    "updated": "2020-02-07T08:15:13Z",
    "active": true,
    "code": "PER_3143_",
    "firstName": "Thomas",
    "lastName": "Brunner",
    "number": 3143,
    "officialDenomination": "Brunner",
    "salutationLetter": null,
    "salutationTitle": null
  },
  {
    "id": 4025,
    "updated": "2019-11-28T08:45:21Z",
    "active": true,
    "code": "PER_2740_",
    "firstName": "Roland Rino",
    "lastName": "Büchel",
    "number": 2740,
    "officialDenomination": "Büchel Roland",
    "salutationLetter": null,
    "salutationTitle": null
  },
  {
    "id": 4156,
    "updated": "2019-12-13T14:28:25Z",
    "active": true,
    "code": "PER_3062_",
    "firstName": "Michaël",
    "lastName": "Buffat",
    "number": 3062,
    "officialDenomination": "Buffat",
    "salutationLetter": null,
    "salutationTitle": null
  },
  {
    "id": 4101,
    "updated": "2019-11-20T11:52:48Z",
    "active": true,
    "code": "PER_3017_",
    "firstName": "Christine",
    "lastName": "Bulliard-Marbach",
    "number": 3017,
    "officialDenomination": "Bulliard",
    "salutationLetter": null,
    "salutationTitle": null
  },
  {
    "id": 4158,
    "updated": "2020-02-14T14:50:16Z",
    "active": true,
    "code": "PER_3064_",
    "firstName": "Thomas",
    "lastName": "Burgherr",
    "number": 3064,
    "officialDenomination": "Burgherr",
    "salutationLetter": null,
    "salutationTitle": null
  },
  {
    "id": 4189,
    "updated": "2020-04-07T08:38:33Z",
    "active": true,
    "code": "PER_3065_",
    "firstName": "Thierry",
    "lastName": "Burkart",
    "number": 3065,
    "officialDenomination": "Burkart",
    "salutationLetter": null,
    "salutationTitle": null
  },
  {
    "id": 4070,
    "updated": "2019-11-19T11:23:41Z",
    "active": true,
    "code": "PER_2770_",
    "firstName": "Martin",
    "lastName": "Candinas",
    "number": 2770,
    "officialDenomination": "Candinas",
    "salutationLetter": null,
    "salutationTitle": null
  },
  {
    "id": 3830,
    "updated": "2020-05-28T12:00:59Z",
    "active": true,
    "code": "PER_2666_",
    "firstName": "Marina",
    "lastName": "Carobbio Guscetti",
    "number": 2666,
    "officialDenomination": "Carobbio Guscetti",
    "salutationLetter": null,
    "salutationTitle": null
  },
  {
    "id": 4075,
    "updated": "2019-12-13T15:57:09Z",
    "active": true,
    "code": "PER_2775_",
    "firstName": "Andrea",
    "lastName": "Caroni",
    "number": 2775,
    "officialDenomination": "Caroni",
    "salutationLetter": null,
    "salutationTitle": null
  },
  {
    "id": 4217,
    "updated": "2020-06-09T16:10:02Z",
    "active": true,
    "code": "PER_3118_",
    "firstName": "Rocco",
    "lastName": "Cattaneo",
    "number": 3118,
    "officialDenomination": "Cattaneo",
    "salutationLetter": null,
    "salutationTitle": null
  },
  {
    "id": 4108,
    "updated": "2020-05-20T15:18:30Z",
    "active": true,
    "code": "PER_3604_",
    "firstName": "Isabelle",
    "lastName": "Chevalley",
    "number": 3604,
    "officialDenomination": "Chevalley",
    "salutationLetter": null,
    "salutationTitle": null
  },
  {
    "id": 4159,
    "updated": "2020-09-02T14:27:04Z",
    "active": true,
    "code": "PER_3067_",
    "firstName": "Marco",
    "lastName": "Chiesa",
    "number": 3067,
    "officialDenomination": "Chiesa",
    "salutationLetter": null,
    "salutationTitle": null
  },
  {
    "id": 4252,
    "updated": "2020-05-19T09:26:06Z",
    "active": true,
    "code": "PER_3144_",
    "firstName": "Katja",
    "lastName": "Christ",
    "number": 3144,
    "officialDenomination": "Christ",
    "salutationLetter": null,
    "salutationTitle": null
  },
  {
    "id": 4253,
    "updated": "2020-05-08T09:26:57Z",
    "active": true,
    "code": "PER_3145_",
    "firstName": "Christophe",
    "lastName": "Clivaz",
    "number": 3145,
    "officialDenomination": "Clivaz Christophe",
    "salutationLetter": null,
    "salutationTitle": null
  },
  {
    "id": 4254,
    "updated": "2020-02-27T10:30:43Z",
    "active": true,
    "code": "PER_3146_",
    "firstName": "Damien",
    "lastName": "Cottier",
    "number": 3146,
    "officialDenomination": "Cottier",
    "salutationLetter": null,
    "salutationTitle": null
  },
  {
    "id": 4219,
    "updated": "2019-12-13T14:30:35Z",
    "active": true,
    "code": "PER_3120_",
    "firstName": "Brigitte",
    "lastName": "Crottaz",
    "number": 3120,
    "officialDenomination": "Crottaz",
    "salutationLetter": null,
    "salutationTitle": null
  },
  {
    "id": 4255,
    "updated": "2019-10-29T09:23:09Z",
    "active": true,
    "code": "PER_3147_",
    "firstName": "Christian",
    "lastName": "Dandrès",
    "number": 3147,
    "officialDenomination": "Dandrès",
    "salutationLetter": null,
    "salutationTitle": null
  },
  {
    "id": 4051,
    "updated": "2020-03-12T11:21:49Z",
    "active": true,
    "code": "PER_2757_",
    "firstName": "Thomas",
    "lastName": "de Courten",
    "number": 2757,
    "officialDenomination": "de Courten",
    "salutationLetter": null,
    "salutationTitle": null
  },
  {
    "id": 4201,
    "updated": "2019-12-13T14:55:05Z",
    "active": true,
    "code": "PER_3068_",
    "firstName": "Denis",
    "lastName": "de la Reussille",
    "number": 3068,
    "officialDenomination": "de la Reussille",
    "salutationLetter": null,
    "salutationTitle": null
  },
  {
    "id": 4256,
    "updated": "2020-07-14T09:31:20Z",
    "active": true,
    "code": "PER_3148_",
    "firstName": "Simone",
    "lastName": "de Montmollin",
    "number": 3148,
    "officialDenomination": "de Montmollin",
    "salutationLetter": null,
    "salutationTitle": null
  },
  {
    "id": 4257,
    "updated": "2020-01-22T15:31:16Z",
    "active": true,
    "code": "PER_3149_",
    "firstName": "Jacqueline",
    "lastName": "de Quattro",
    "number": 3149,
    "officialDenomination": "de Quattro",
    "salutationLetter": null,
    "salutationTitle": null
  },
  {
    "id": 4160,
    "updated": "2019-11-19T13:44:57Z",
    "active": true,
    "code": "PER_3069_",
    "firstName": "Marcel",
    "lastName": "Dettling",
    "number": 3069,
    "officialDenomination": "Dettling",
    "salutationLetter": null,
    "salutationTitle": null
  },
  {
    "id": 4151,
    "updated": "2020-02-14T15:26:48Z",
    "hasMorePages": true,
    "active": true,
    "code": "PER_3052_",
    "firstName": "Josef",
    "lastName": "Dittli",
    "number": 3052,
    "officialDenomination": "Dittli",
    "salutationLetter": null,
    "salutationTitle": null
  },
  {
    "id": 4190,
    "updated": "2019-11-01T15:38:54Z",
    "active": true,
    "code": "PER_3070_",
    "firstName": "Marcel",
    "lastName": "Dobler",
    "number": 3070,
    "officialDenomination": "Dobler",
    "salutationLetter": null,
    "salutationTitle": null
  },
  {
    "id": 4258,
    "updated": "2019-12-13T14:17:51Z",
    "active": true,
    "code": "PER_3150_",
    "firstName": "Kurt",
    "lastName": "Egger",
    "number": 3150,
    "officialDenomination": "Egger Kurt",
    "salutationLetter": null,
    "salutationTitle": null
  },
  {
    "id": 4229,
    "updated": "2020-09-01T07:17:54Z",
    "active": true,
    "code": "PER_3130_",
    "firstName": "Mike",
    "lastName": "Egger",
    "number": 3130,
    "officialDenomination": "Egger Mike",
    "salutationLetter": null,
    "salutationTitle": null
  },
  {
    "id": 4055,
    "updated": "2019-10-22T15:31:07Z",
    "active": true,
    "code": "PER_2768_",
    "firstName": "Stefan",
    "lastName": "Engler",
    "number": 2768,
    "officialDenomination": "Engler",
    "salutationLetter": null,
    "salutationTitle": null
  },
  {
    "id": 3876,
    "updated": "2019-11-15T12:40:03Z",
    "active": true,
    "code": "PER_2679_",
    "firstName": "Yvette",
    "lastName": "Estermann",
    "number": 2679,
    "officialDenomination": "Estermann",
    "salutationLetter": null,
    "salutationTitle": null
  },
  {
    "id": 4206,
    "updated": "2020-05-13T11:27:23Z",
    "active": true,
    "code": "PER_3107_",
    "firstName": "Erich",
    "lastName": "Ettlin",
    "number": 3107,
    "officialDenomination": "Ettlin Erich",
    "salutationLetter": null,
    "salutationTitle": null
  },
  {
    "id": 74,
    "updated": "2020-02-14T14:39:31Z",
    "active": true,
    "code": "PER_2287_",
    "firstName": "Christoph",
    "lastName": "Eymann",
    "number": 2287,
    "officialDenomination": "Eymann",
    "salutationLetter": null,
    "salutationTitle": null
  },
  {
    "id": 4259,
    "updated": "2020-06-09T17:09:11Z",
    "active": true,
    "code": "PER_3151_",
    "firstName": "Alex",
    "lastName": "Farinelli",
    "number": 3151,
    "officialDenomination": "Farinelli",
    "salutationLetter": null,
    "salutationTitle": null
  },
  {
    "id": 4056,
    "updated": "2019-12-13T15:58:56Z",
    "active": true,
    "code": "PER_2767_",
    "firstName": "Daniel",
    "lastName": "Fässler",
    "number": 2767,
    "officialDenomination": "Fässler Daniel",
    "salutationLetter": null,
    "salutationTitle": null
  },
  {
    "id": 4195,
    "updated": "2019-11-15T16:09:46Z",
    "active": true,
    "code": "PER_3071_",
    "firstName": "Laurence",
    "lastName": "Fehlmann Rielle",
    "number": 3071,
    "officialDenomination": "Fehlmann Rielle",
    "salutationLetter": null,
    "salutationTitle": null
  },
  {
    "id": 4077,
    "updated": "2020-06-24T15:48:53Z",
    "active": true,
    "code": "PER_2789_",
    "firstName": "Olivier",
    "lastName": "Feller",
    "number": 2789,
    "officialDenomination": "Feller",
    "salutationLetter": null,
    "salutationTitle": null
  },
  {
    "id": 4069,
    "updated": "2019-12-19T08:29:08Z",
    "active": true,
    "code": "PER_2777_",
    "firstName": "Yvonne",
    "lastName": "Feri",
    "number": 2777,
    "officialDenomination": "Feri Yvonne",
    "salutationLetter": null,
    "salutationTitle": null
  },
  {
    "id": 3877,
    "updated": "2020-05-08T09:23:59Z",
    "active": true,
    "code": "PER_2680_",
    "firstName": "Doris",
    "lastName": "Fiala",
    "number": 2680,
    "officialDenomination": "Fiala",
    "salutationLetter": null,
    "salutationTitle": null
  },
  {
    "id": 4089,
    "updated": "2019-11-15T10:33:18Z",
    "active": true,
    "code": "PER_2794_",
    "firstName": "Roland",
    "lastName": "Fischer",
    "number": 2794,
    "officialDenomination": "Fischer Roland",
    "salutationLetter": null,
    "salutationTitle": null
  },
  {
    "id": 4260,
    "updated": "2019-10-31T14:20:07Z",
    "active": true,
    "code": "PER_3152_",
    "firstName": "Fabien",
    "lastName": "Fivaz",
    "number": 3152,
    "officialDenomination": "Fivaz Fabien",
    "salutationLetter": null,
    "salutationTitle": null
  },
  {
    "id": 4059,
    "updated": "2019-11-14T15:02:16Z",
    "active": true,
    "code": "PER_2765_",
    "firstName": "Beat",
    "lastName": "Flach",
    "number": 2765,
    "officialDenomination": "Flach",
    "salutationLetter": null,
    "salutationTitle": null
  },
  {
    "id": 1122,
    "updated": "2020-04-30T16:02:57Z",
    "active": true,
    "code": "PER_2594_",
    "firstName": "Kurt",
    "lastName": "Fluri",
    "number": 2594,
    "officialDenomination": "Fluri",
    "salutationLetter": null,
    "salutationTitle": null
  },
  {
    "id": 3879,
    "updated": "2020-02-14T15:56:27Z",
    "active": true,
    "code": "PER_2682_",
    "firstName": "Olivier",
    "lastName": "Français",
    "number": 2682,
    "officialDenomination": "Français",
    "salutationLetter": null,
    "salutationTitle": null
  },
  {
    "id": 4074,
    "updated": "2019-11-19T14:01:09Z",
    "active": true,
    "code": "PER_2778_",
    "firstName": "Pierre-Alain",
    "lastName": "Fridez",
    "number": 2778,
    "officialDenomination": "Fridez",
    "salutationLetter": null,
    "salutationTitle": null
  },
  {
    "id": 4131,
    "updated": "2020-07-08T10:44:34Z",
    "active": true,
    "code": "PER_3035_",
    "firstName": "Claudia",
    "lastName": "Friedl",
    "number": 3035,
    "officialDenomination": "Friedl Claudia",
    "salutationLetter": null,
    "salutationTitle": null
  },
  {
    "id": 4261,
    "updated": "2020-07-08T13:44:35Z",
    "active": true,
    "code": "PER_3153_",
    "firstName": "Esther",
    "lastName": "Friedli",
    "number": 3153,
    "officialDenomination": "Friedli Esther",
    "salutationLetter": null,
    "salutationTitle": null
  },
  {
    "id": 4262,
    "updated": "2019-12-12T17:17:10Z",
    "active": true,
    "code": "PER_3154_",
    "firstName": "Tamara",
    "lastName": "Funiciello",
    "number": 3154,
    "officialDenomination": "Funiciello",
    "salutationLetter": null,
    "salutationTitle": null
  },
  {
    "id": 4263,
    "updated": "2019-10-30T15:12:36Z",
    "active": true,
    "code": "PER_3155_",
    "firstName": "Andreas",
    "lastName": "Gafner",
    "number": 3155,
    "officialDenomination": "Gafner",
    "salutationLetter": null,
    "salutationTitle": null
  },
  {
    "id": 4264,
    "updated": "2020-02-19T17:33:46Z",
    "active": false,
    "code": "PER_3156_",
    "firstName": "Jean-Pierre",
    "lastName": "Gallati",
    "number": 3156,
    "officialDenomination": "Gallati",
    "salutationLetter": null,
    "salutationTitle": null
  },
  {
    "id": 4306,
    "updated": "2020-03-25T09:26:12Z",
    "active": true,
    "code": "PER_3183_",
    "firstName": "Johanna",
    "lastName": "Gapany",
    "number": 3183,
    "officialDenomination": "Gapany",
    "salutationLetter": null,
    "salutationTitle": null
  },
  {
    "id": 3880,
    "updated": "2019-11-28T14:16:55Z",
    "active": true,
    "code": "PER_2683_",
    "firstName": "Andrea Martina",
    "lastName": "Geissbühler",
    "number": 2683,
    "officialDenomination": "Geissbühler",
    "salutationLetter": null,
    "salutationTitle": null
  },
  {
    "id": 825,
    "updated": "2019-11-12T13:42:25Z",
    "active": true,
    "code": "PER_2575_",
    "firstName": "Hannes",
    "lastName": "Germann",
    "number": 2575,
    "officialDenomination": "Germann",
    "salutationLetter": null,
    "salutationTitle": null
  },
  {
    "id": 4265,
    "updated": "2020-09-18T15:15:31Z",
    "active": true,
    "code": "PER_3157_",
    "firstName": "Anna",
    "lastName": "Giacometti",
    "number": 3157,
    "officialDenomination": "Giacometti",
    "salutationLetter": null,
    "salutationTitle": null
  },
  {
    "id": 4266,
    "updated": "2019-10-31T16:08:51Z",
    "active": true,
    "code": "PER_3158_",
    "firstName": "Benjamin",
    "lastName": "Giezendanner",
    "number": 3158,
    "officialDenomination": "Giezendanner",
    "salutationLetter": null,
    "salutationTitle": null
  },
  {
    "id": 3882,
    "updated": "2019-11-28T15:58:45Z",
    "active": true,
    "code": "PER_2685_",
    "firstName": "Bastien",
    "lastName": "Girod",
    "number": 2685,
    "officialDenomination": "Girod",
    "salutationLetter": null,
    "salutationTitle": null
  },
  {
    "id": 1337,
    "updated": "2020-03-17T08:54:39Z",
    "active": true,
    "code": "PER_2657_",
    "firstName": "Ida",
    "lastName": "Glanzmann-Hunkeler",
    "number": 2657,
    "officialDenomination": "Glanzmann",
    "salutationLetter": null,
    "salutationTitle": null
  },
  {
    "id": 4161,
    "updated": "2020-05-07T11:43:06Z",
    "active": true,
    "code": "PER_3074_",
    "firstName": "Andreas",
    "lastName": "Glarner",
    "number": 3074,
    "officialDenomination": "Glarner",
    "salutationLetter": null,
    "salutationTitle": null
  },
  {
    "id": 4093,
    "updated": "2020-03-12T10:46:27Z",
    "active": true,
    "code": "PER_3003_",
    "firstName": "Balthasar",
    "lastName": "Glättli",
    "number": 3003,
    "officialDenomination": "Glättli",
    "salutationLetter": null,
    "salutationTitle": null
  },
  {
    "id": 4096,
    "updated": "2019-11-14T15:13:37Z",
    "active": true,
    "code": "PER_3001_",
    "firstName": "Alois",
    "lastName": "Gmür",
    "number": 3001,
    "officialDenomination": "Gmür Alois",
    "salutationLetter": null,
    "salutationTitle": null
  },
  {
    "id": 4181,
    "updated": "2020-02-14T15:23:38Z",
    "active": true,
    "code": "PER_3075_",
    "firstName": "Andrea",
    "lastName": "Gmür-Schönenberger",
    "number": 3075,
    "officialDenomination": "Gmür-Schönenberger",
    "salutationLetter": null,
    "salutationTitle": null
  },
  {
    "id": 4116,
    "updated": "2019-10-22T15:18:44Z",
    "active": true,
    "code": "PER_3023_",
    "firstName": "Petra",
    "lastName": "Gössi",
    "number": 3023,
    "officialDenomination": "Gössi",
    "salutationLetter": null,
    "salutationTitle": null
  },
  {
    "id": 806,
    "updated": "2019-12-04T08:52:39Z",
    "active": true,
    "code": "PER_2569_",
    "firstName": "Maya",
    "lastName": "Graf",
    "number": 2569,
    "officialDenomination": "Graf Maya",
    "salutationLetter": null,
    "salutationTitle": null
  },
  {
    "id": 1295,
    "updated": "2020-01-30T08:22:53Z",
    "active": true,
    "code": "PER_2652_",
    "firstName": "Edith",
    "lastName": "Graf-Litscher",
    "number": 2652,
    "officialDenomination": "Graf-Litscher",
    "salutationLetter": null,
    "salutationTitle": null
  },
  {
    "id": 4267,
    "updated": "2020-07-10T08:57:22Z",
    "active": true,
    "code": "PER_3159_",
    "firstName": "Corina",
    "lastName": "Gredig",
    "number": 3159,
    "officialDenomination": "Gredig",
    "salutationLetter": null,
    "salutationTitle": null
  },
  {
    "id": 3885,
    "updated": "2019-10-22T15:18:44Z",
    "active": true,
    "code": "PER_2688_",
    "firstName": "Jean-Pierre",
    "lastName": "Grin",
    "number": 2688,
    "officialDenomination": "Grin",
    "salutationLetter": null,
    "salutationTitle": null
  },
  {
    "id": 4083,
    "updated": "2019-10-22T15:18:44Z",
    "active": true,
    "code": "PER_2786_",
    "firstName": "Jürg",
    "lastName": "Grossen",
    "number": 2786,
    "officialDenomination": "Grossen Jürg",
    "salutationLetter": null,
    "salutationTitle": null
  },
  {
    "id": 4162,
    "updated": "2020-06-16T11:48:48Z",
    "active": true,
    "code": "PER_3076_",
    "firstName": "Franz",
    "lastName": "Grüter",
    "number": 3076,
    "officialDenomination": "Grüter",
    "salutationLetter": null,
    "salutationTitle": null
  },
  {
    "id": 4087,
    "updated": "2019-10-22T15:18:44Z",
    "active": true,
    "code": "PER_2798_",
    "firstName": "Jean-Paul",
    "lastName": "Gschwind",
    "number": 2798,
    "officialDenomination": "Gschwind",
    "salutationLetter": null,
    "salutationTitle": null
  },
  {
    "id": 4214,
    "updated": "2019-12-12T07:46:01Z",
    "active": true,
    "code": "PER_3115_",
    "firstName": "Niklaus-Samuel",
    "lastName": "Gugger",
    "number": 3115,
    "officialDenomination": "Gugger",
    "salutationLetter": null,
    "salutationTitle": null
  },
  {
    "id": 4310,
    "updated": "2020-08-11T11:58:27Z",
    "active": true,
    "code": "PER_3206_",
    "firstName": "Lars",
    "lastName": "Guggisberg",
    "number": 3206,
    "officialDenomination": "Guggisberg",
    "salutationLetter": null,
    "salutationTitle": null
  },
  {
    "id": 4216,
    "updated": "2020-01-30T07:38:08Z",
    "active": true,
    "code": "PER_3117_",
    "firstName": "Diana",
    "lastName": "Gutjahr",
    "number": 3117,
    "officialDenomination": "Gutjahr",
    "salutationLetter": null,
    "salutationTitle": null
  },
  {
    "id": 4121,
    "updated": "2020-02-19T10:50:45Z",
    "active": true,
    "code": "PER_3026_",
    "firstName": "Barbara",
    "lastName": "Gysi",
    "number": 3026,
    "officialDenomination": "Gysi Barbara",
    "salutationLetter": null,
    "salutationTitle": null
  },
  {
    "id": 4268,
    "updated": "2020-01-24T09:39:18Z",
    "active": true,
    "code": "PER_3160_",
    "firstName": "Greta",
    "lastName": "Gysin",
    "number": 3160,
    "officialDenomination": "Gysin Greta",
    "salutationLetter": null,
    "salutationTitle": null
  },
  {
    "id": 4236,
    "updated": "2020-03-11T14:46:02Z",
    "active": true,
    "code": "PER_3134_",
    "firstName": "Martin",
    "lastName": "Haab",
    "number": 3134,
    "officialDenomination": "Haab",
    "salutationLetter": null,
    "salutationTitle": null
  },
  {
    "id": 1106,
    "updated": "2019-10-22T15:31:07Z",
    "hasMorePages": true,
    "active": true,
    "code": "PER_2600_",
    "firstName": "Brigitte",
    "lastName": "Häberli-Koller",
    "number": 2600,
    "officialDenomination": "Häberli-Koller",
    "salutationLetter": null,
    "salutationTitle": null
  },
  {
    "id": 3887,
    "updated": "2019-10-25T15:18:44Z",
    "active": true,
    "code": "PER_2690_",
    "firstName": "Alfred",
    "lastName": "Heer",
    "number": 2690,
    "officialDenomination": "Heer",
    "salutationLetter": null,
    "salutationTitle": null
  },
  {
    "id": 4139,
    "updated": "2020-07-03T10:48:15Z",
    "active": true,
    "code": "PER_3041_",
    "firstName": "Thomas",
    "lastName": "Hefti",
    "number": 3041,
    "officialDenomination": "Hefti",
    "salutationLetter": null,
    "salutationTitle": null
  },
  {
    "id": 4153,
    "updated": "2019-10-22T15:31:07Z",
    "active": true,
    "code": "PER_3053_",
    "firstName": "Peter",
    "lastName": "Hegglin",
    "number": 3053,
    "officialDenomination": "Hegglin Peter",
    "salutationLetter": null,
    "salutationTitle": null
  },
  {
    "id": 4314,
    "updated": "2020-03-31T09:19:39Z",
    "active": true,
    "code": "PER_3210_",
    "firstName": "Stefanie",
    "lastName": "Heimgartner",
    "number": 3210,
    "officialDenomination": "Heimgartner",
    "salutationLetter": null,
    "salutationTitle": null
  },
  {
    "id": 4239,
    "updated": "2020-08-13T09:26:38Z",
    "active": true,
    "code": "PER_3194_",
    "firstName": "Eva",
    "lastName": "Herzog",
    "number": 3194,
    "officialDenomination": "Herzog Eva",
    "salutationLetter": null,
    "salutationTitle": null
  },
  {
    "id": 4129,
    "updated": "2019-12-03T13:42:26Z",
    "active": true,
    "code": "PER_3033_",
    "firstName": "Verena",
    "lastName": "Herzog",
    "number": 3033,
    "officialDenomination": "Herzog Verena",
    "salutationLetter": null,
    "salutationTitle": null
  },
  {
    "id": 4163,
    "updated": "2019-12-12T17:28:12Z",
    "active": true,
    "code": "PER_3078_",
    "firstName": "Erich",
    "lastName": "Hess",
    "number": 3078,
    "officialDenomination": "Hess Erich",
    "salutationLetter": null,
    "salutationTitle": null
  },
  {
    "id": 4094,
    "updated": "2019-10-22T15:18:44Z",
    "active": true,
    "code": "PER_2799_",
    "firstName": "Lorenz",
    "lastName": "Hess",
    "number": 2799,
    "officialDenomination": "Hess Lorenz",
    "salutationLetter": null,
    "salutationTitle": null
  },
  {
    "id": 4317,
    "updated": "2020-02-26T09:20:30Z",
    "active": true,
    "code": "PER_3213_",
    "firstName": "Alois",
    "lastName": "Huber",
    "number": 3213,
    "officialDenomination": "Huber",
    "salutationLetter": null,
    "salutationTitle": null
  },
  {
    "id": 1071,
    "updated": "2019-12-04T09:02:41Z",
    "active": true,
    "code": "PER_2580_",
    "firstName": "Ruth",
    "lastName": "Humbel",
    "number": 2580,
    "officialDenomination": "Humbel",
    "salutationLetter": null,
    "salutationTitle": null
  },
  {
    "id": 4270,
    "updated": "2019-11-15T12:01:42Z",
    "active": true,
    "code": "PER_3162_",
    "firstName": "Baptiste",
    "lastName": "Hurni",
    "number": 3162,
    "officialDenomination": "Hurni",
    "salutationLetter": null,
    "salutationTitle": null
  },
  {
    "id": 3890,
    "updated": "2019-10-22T15:18:44Z",
    "active": true,
    "code": "PER_2693_",
    "firstName": "Thomas",
    "lastName": "Hurter",
    "number": 2693,
    "officialDenomination": "Hurter Thomas",
    "salutationLetter": null,
    "salutationTitle": null
  },
  {
    "id": 4164,
    "updated": "2020-05-18T08:39:04Z",
    "active": true,
    "code": "PER_3080_",
    "firstName": "Christian",
    "lastName": "Imark",
    "number": 3080,
    "officialDenomination": "Imark",
    "salutationLetter": null,
    "salutationTitle": null
  },
  {
    "id": 4032,
    "updated": "2019-10-22T15:18:44Z",
    "active": true,
    "code": "PER_2745_",
    "firstName": "Beat",
    "lastName": "Jans",
    "number": 2745,
    "officialDenomination": "Jans",
    "salutationLetter": null,
    "salutationTitle": null
  },
  {
    "id": 4208,
    "updated": "2020-02-14T08:53:24Z",
    "active": true,
    "code": "PER_3109_",
    "firstName": "Matthias Samuel",
    "lastName": "Jauslin",
    "number": 3109,
    "officialDenomination": "Jauslin",
    "salutationLetter": null,
    "salutationTitle": null
  },
  {
    "id": 3891,
    "updated": "2020-06-11T09:47:44Z",
    "active": true,
    "code": "PER_2694_",
    "firstName": "Daniel",
    "lastName": "Jositsch",
    "number": 2694,
    "officialDenomination": "Jositsch",
    "salutationLetter": null,
    "salutationTitle": null
  },
  {
    "id": 4240,
    "updated": "2020-05-13T10:00:11Z",
    "active": true,
    "code": "PER_3195_",
    "firstName": "Charles",
    "lastName": "Juillard",
    "number": 3195,
    "officialDenomination": "Juillard",
    "salutationLetter": null,
    "salutationTitle": null
  },
  {
    "id": 4218,
    "updated": "2019-11-19T15:58:56Z",
    "active": true,
    "code": "PER_3119_",
    "firstName": "Irène",
    "lastName": "Kälin",
    "number": 3119,
    "officialDenomination": "Kälin",
    "salutationLetter": null,
    "salutationTitle": null
  },
  {
    "id": 4271,
    "updated": "2019-12-13T14:41:53Z",
    "active": true,
    "code": "PER_3163_",
    "firstName": "Sidney",
    "lastName": "Kamerzin",
    "number": 3163,
    "officialDenomination": "Kamerzin",
    "salutationLetter": null,
    "salutationTitle": null
  },
  {
    "id": 4098,
    "updated": "2019-11-12T11:57:21Z",
    "active": true,
    "code": "PER_3013_",
    "firstName": "Peter",
    "lastName": "Keller",
    "number": 3013,
    "officialDenomination": "Keller Peter",
    "salutationLetter": null,
    "salutationTitle": null
  },
  {
    "id": 4272,
    "updated": "2020-06-16T16:01:23Z",
    "active": true,
    "code": "PER_3164_",
    "firstName": "Delphine",
    "lastName": "Klopfenstein Broggini",
    "number": 3164,
    "officialDenomination": "Klopfenstein Broggini",
    "salutationLetter": null,
    "salutationTitle": null
  },
  {
    "id": 4114,
    "updated": "2019-10-22T15:22:34Z",
    "active": true,
    "code": "PER_3021_",
    "firstName": "Hansjörg",
    "lastName": "Knecht",
    "number": 3021,
    "officialDenomination": "Knecht",
    "salutationLetter": null,
    "salutationTitle": null
  },
  {
    "id": 4166,
    "updated": "2019-11-14T15:20:39Z",
    "active": true,
    "code": "PER_3082_",
    "firstName": "Roger",
    "lastName": "Köppel",
    "number": 3082,
    "officialDenomination": "Köppel",
    "salutationLetter": null,
    "salutationTitle": null
  },
  {
    "id": 1162,
    "updated": "2020-05-13T10:14:46Z",
    "active": true,
    "code": "PER_2641_",
    "firstName": "Alex",
    "lastName": "Kuprecht",
    "number": 2641,
    "officialDenomination": "Kuprecht",
    "salutationLetter": null,
    "salutationTitle": null
  },
  {
    "id": 4225,
    "updated": "2019-12-11T09:09:05Z",
    "active": true,
    "code": "PER_3126_",
    "firstName": "Philipp",
    "lastName": "Kutter",
    "number": 3126,
    "officialDenomination": "Kutter",
    "salutationLetter": null,
    "salutationTitle": null
  },
  {
    "id": 4008,
    "updated": "2019-11-07T16:21:13Z",
    "active": true,
    "code": "PER_2735_",
    "firstName": "Martin",
    "lastName": "Landolt",
    "number": 2735,
    "officialDenomination": "Landolt",
    "salutationLetter": null,
    "salutationTitle": null
  },
  {
    "id": 1150,
    "updated": "2020-02-14T15:31:27Z",
    "active": true,
    "code": "PER_2613_",
    "firstName": "Christian",
    "lastName": "Levrat",
    "number": 2613,
    "officialDenomination": "Levrat",
    "salutationLetter": null,
    "salutationTitle": null
  },
  {
    "id": 4273,
    "updated": "2020-08-11T14:01:45Z",
    "active": true,
    "code": "PER_3165_",
    "firstName": "Sandra",
    "lastName": "Locher Benguerel",
    "number": 3165,
    "officialDenomination": "Locher Benguerel",
    "salutationLetter": null,
    "salutationTitle": null
  },
  {
    "id": 4118,
    "updated": "2019-11-13T16:31:05Z",
    "active": true,
    "code": "PER_3024_",
    "firstName": "Christian",
    "lastName": "Lohr",
    "number": 3024,
    "officialDenomination": "Lohr",
    "salutationLetter": null,
    "salutationTitle": null
  },
  {
    "id": 3895,
    "updated": "2019-10-22T15:22:34Z",
    "active": true,
    "code": "PER_2698_",
    "firstName": "Christian",
    "lastName": "Lüscher",
    "number": 2698,
    "officialDenomination": "Lüscher",
    "salutationLetter": null,
    "salutationTitle": null
  },
  {
    "id": 4274,
    "updated": "2019-12-12T15:19:16Z",
    "active": true,
    "code": "PER_3166_",
    "firstName": "Jörg",
    "lastName": "Mäder",
    "number": 3166,
    "officialDenomination": "Mäder",
    "salutationLetter": null,
    "salutationTitle": null
  },
  {
    "id": 491,
    "updated": "2019-12-13T14:34:54Z",
    "active": true,
    "code": "PER_2513_",
    "firstName": "Pierre-Yves",
    "lastName": "Maillard",
    "number": 2513,
    "officialDenomination": "Maillard",
    "salutationLetter": null,
    "salutationTitle": null
  },
  {
    "id": 4275,
    "updated": "2020-07-10T09:12:27Z",
    "active": true,
    "code": "PER_3167_",
    "firstName": "Vincent",
    "lastName": "Maitre",
    "number": 3167,
    "officialDenomination": "Maitre",
    "salutationLetter": null,
    "salutationTitle": null
  },
  {
    "id": 4311,
    "updated": "2020-09-03T15:15:57Z",
    "active": true,
    "code": "PER_3207_",
    "firstName": "Piero",
    "lastName": "Marchesi",
    "number": 3207,
    "officialDenomination": "Marchesi",
    "salutationLetter": null,
    "salutationTitle": null
  },
  {
    "id": 4303,
    "updated": "2020-01-09T08:45:48Z",
    "active": true,
    "code": "PER_3200_",
    "firstName": "Marianne",
    "lastName": "Maret",
    "number": 3200,
    "officialDenomination": "Maret Marianne",
    "salutationLetter": null,
    "salutationTitle": null
  },
  {
    "id": 1139,
    "updated": "2019-11-19T16:42:06Z",
    "active": true,
    "code": "PER_2614_",
    "firstName": "Christa",
    "lastName": "Markwalder",
    "number": 2614,
    "officialDenomination": "Markwalder",
    "salutationLetter": null,
    "salutationTitle": null
  },
  {
    "id": 3923,
    "updated": "2019-11-26T16:57:45Z",
    "active": true,
    "code": "PER_2726_",
    "firstName": "Ada",
    "lastName": "Marra",
    "number": 2726,
    "officialDenomination": "Marra",
    "salutationLetter": null,
    "salutationTitle": null
  },
  {
    "id": 4197,
    "updated": "2019-11-15T11:28:03Z",
    "active": true,
    "code": "PER_3084_",
    "firstName": "Min Li",
    "lastName": "Marti",
    "number": 3084,
    "officialDenomination": "Marti Min Li",
    "salutationLetter": null,
    "salutationTitle": null
  },
  {
    "id": 4228,
    "updated": "2019-11-07T16:42:46Z",
    "active": true,
    "code": "PER_3129_",
    "firstName": "Samira",
    "lastName": "Marti",
    "number": 3129,
    "officialDenomination": "Marti Samira",
    "salutationLetter": null,
    "salutationTitle": null
  },
  {
    "id": 4167,
    "updated": "2019-10-22T15:22:34Z",
    "active": true,
    "code": "PER_3085_",
    "firstName": "Magdalena",
    "lastName": "Martullo-Blocher",
    "number": 3085,
    "officialDenomination": "Martullo",
    "salutationLetter": null,
    "salutationTitle": null
  },
  {
    "id": 4130,
    "updated": "2020-02-11T13:50:41Z",
    "active": true,
    "code": "PER_3034_",
    "firstName": "Nadine",
    "lastName": "Masshardt",
    "number": 3034,
    "officialDenomination": "Masshardt",
    "salutationLetter": null,
    "salutationTitle": null
  },
  {
    "id": 4276,
    "updated": "2019-11-13T17:15:32Z",
    "active": true,
    "code": "PER_3168_",
    "firstName": "Michel",
    "lastName": "Matter",
    "number": 3168,
    "officialDenomination": "Matter Michel",
    "salutationLetter": null,
    "salutationTitle": null
  },
  {
    "id": 4144,
    "updated": "2019-10-22T15:22:34Z",
    "active": true,
    "code": "PER_3046_",
    "firstName": "Thomas",
    "lastName": "Matter",
    "number": 3046,
    "officialDenomination": "Matter Thomas",
    "salutationLetter": null,
    "salutationTitle": null
  },
  {
    "id": 4186,
    "updated": "2019-12-13T16:12:38Z",
    "active": true,
    "code": "PER_3086_",
    "firstName": "Lisa",
    "lastName": "Mazzone",
    "number": 3086,
    "officialDenomination": "Mazzone",
    "salutationLetter": null,
    "salutationTitle": null
  },
  {
    "id": 4277,
    "updated": "2019-11-07T08:36:43Z",
    "active": true,
    "code": "PER_3169_",
    "firstName": "Melanie",
    "lastName": "Mettler",
    "number": 3169,
    "officialDenomination": "Mettler",
    "salutationLetter": null,
    "salutationTitle": null
  },
  {
    "id": 4198,
    "updated": "2020-05-01T17:47:27Z",
    "active": true,
    "code": "PER_3087_",
    "firstName": "Mattea",
    "lastName": "Meyer",
    "number": 3087,
    "officialDenomination": "Meyer Mattea",
    "salutationLetter": null,
    "salutationTitle": null
  },
  {
    "id": 4278,
    "updated": "2019-11-14T08:27:50Z",
    "active": true,
    "code": "PER_3170_",
    "firstName": "Sophie",
    "lastName": "Michaud Gigon",
    "number": 3170,
    "officialDenomination": "Michaud Gigon",
    "salutationLetter": null,
    "salutationTitle": null
  },
  {
    "id": 4309,
    "updated": "2019-11-29T18:20:28Z",
    "active": true,
    "code": "PER_3205_",
    "firstName": "Matthias",
    "lastName": "Michel",
    "number": 3205,
    "officialDenomination": "Michel",
    "salutationLetter": null,
    "salutationTitle": null
  },
  {
    "id": 4112,
    "updated": "2019-10-22T15:31:07Z",
    "active": true,
    "code": "PER_3019_",
    "firstName": "Thomas",
    "lastName": "Minder",
    "number": 3019,
    "officialDenomination": "Minder",
    "salutationLetter": null,
    "salutationTitle": null
  },
  {
    "id": 4223,
    "updated": "2020-06-18T09:20:34Z",
    "hasMorePages": true,
    "active": true,
    "code": "PER_3124_",
    "firstName": "Fabian",
    "lastName": "Molina",
    "number": 3124,
    "officialDenomination": "Molina",
    "salutationLetter": null,
    "salutationTitle": null
  },
  {
    "id": 1346,
    "updated": "2019-11-28T10:47:25Z",
    "active": true,
    "code": "PER_2660_",
    "firstName": "Isabelle",
    "lastName": "Moret",
    "number": 2660,
    "officialDenomination": "Moret Isabelle",
    "salutationLetter": null,
    "salutationTitle": null
  },
  {
    "id": 3897,
    "updated": "2019-12-12T15:39:50Z",
    "active": true,
    "code": "PER_2700_",
    "firstName": "Tiana Angelina",
    "lastName": "Moser",
    "number": 2700,
    "officialDenomination": "Moser",
    "salutationLetter": null,
    "salutationTitle": null
  },
  {
    "id": 4207,
    "updated": "2020-02-14T15:25:47Z",
    "active": true,
    "code": "PER_3108_",
    "firstName": "Damian",
    "lastName": "Müller",
    "number": 3108,
    "officialDenomination": "Müller Damian",
    "salutationLetter": null,
    "salutationTitle": null
  },
  {
    "id": 4097,
    "updated": "2019-11-19T16:53:54Z",
    "active": true,
    "code": "PER_3012_",
    "firstName": "Leo",
    "lastName": "Müller",
    "number": 3012,
    "officialDenomination": "Müller Leo",
    "salutationLetter": null,
    "salutationTitle": null
  },
  {
    "id": 4063,
    "updated": "2019-12-13T12:00:21Z",
    "active": true,
    "code": "PER_2771_",
    "firstName": "Stefan",
    "lastName": "Müller-Altermatt",
    "number": 2771,
    "officialDenomination": "Müller-Altermatt",
    "salutationLetter": null,
    "salutationTitle": null
  },
  {
    "id": 4134,
    "updated": "2019-12-13T08:59:56Z",
    "active": true,
    "code": "PER_3036_",
    "firstName": "Martina",
    "lastName": "Munz",
    "number": 3036,
    "officialDenomination": "Munz",
    "salutationLetter": null,
    "salutationTitle": null
  },
  {
    "id": 4193,
    "updated": "2019-11-15T11:43:23Z",
    "active": true,
    "code": "PER_3088_",
    "firstName": "Philippe",
    "lastName": "Nantermod",
    "number": 3088,
    "officialDenomination": "Nantermod",
    "salutationLetter": null,
    "salutationTitle": null
  },
  {
    "id": 4168,
    "updated": "2020-09-18T10:19:37Z",
    "active": true,
    "code": "PER_3089_",
    "firstName": "Jacques",
    "lastName": "Nicolet",
    "number": 3089,
    "officialDenomination": "Nicolet",
    "salutationLetter": null,
    "salutationTitle": null
  },
  {
    "id": 3898,
    "updated": "2020-02-14T15:18:51Z",
    "active": true,
    "code": "PER_2701_",
    "firstName": "Yves",
    "lastName": "Nidegger",
    "number": 2701,
    "officialDenomination": "Nidegger",
    "salutationLetter": null,
    "salutationTitle": null
  },
  {
    "id": 1279,
    "updated": "2020-02-14T15:09:56Z",
    "active": true,
    "code": "PER_2648_",
    "firstName": "Roger",
    "lastName": "Nordmann",
    "number": 2648,
    "officialDenomination": "Nordmann",
    "salutationLetter": null,
    "salutationTitle": null
  },
  {
    "id": 1153,
    "updated": "2019-11-26T10:45:26Z",
    "active": true,
    "code": "PER_2619_",
    "firstName": "Ruedi",
    "lastName": "Noser",
    "number": 2619,
    "officialDenomination": "Noser",
    "salutationLetter": null,
    "salutationTitle": null
  },
  {
    "id": 3899,
    "updated": "2019-10-22T15:26:47Z",
    "active": true,
    "code": "PER_2702_",
    "firstName": "Eric",
    "lastName": "Nussbaumer",
    "number": 2702,
    "officialDenomination": "Nussbaumer",
    "salutationLetter": null,
    "salutationTitle": null
  },
  {
    "id": 4222,
    "updated": "2019-10-22T15:26:47Z",
    "active": true,
    "code": "PER_3123_",
    "firstName": "Nicolo",
    "lastName": "Paganini",
    "number": 3123,
    "officialDenomination": "Paganini",
    "salutationLetter": null,
    "salutationTitle": null
  },
  {
    "id": 4169,
    "updated": "2020-05-07T14:21:12Z",
    "active": true,
    "code": "PER_3090_",
    "firstName": "Pierre-André",
    "lastName": "Page",
    "number": 3090,
    "officialDenomination": "Page",
    "salutationLetter": null,
    "salutationTitle": null
  },
  {
    "id": 4308,
    "updated": "2020-08-12T10:32:38Z",
    "active": true,
    "code": "PER_3204_",
    "firstName": "Isabelle",
    "lastName": "Pasquier-Eichenberger",
    "number": 3204,
    "officialDenomination": "Pasquier",
    "salutationLetter": null,
    "salutationTitle": null
  },
  {
    "id": 1109,
    "updated": "2019-12-13T11:45:38Z",
    "active": true,
    "code": "PER_2623_",
    "firstName": "Gerhard",
    "lastName": "Pfister",
    "number": 2623,
    "officialDenomination": "Pfister Gerhard",
    "salutationLetter": null,
    "salutationTitle": null
  },
  {
    "id": 4109,
    "updated": "2020-02-14T14:32:56Z",
    "active": true,
    "code": "PER_3009_",
    "firstName": "Valérie",
    "lastName": "Piller Carrard",
    "number": 3009,
    "officialDenomination": "Piller Carrard",
    "salutationLetter": null,
    "salutationTitle": null
  },
  {
    "id": 4279,
    "updated": "2020-03-04T14:02:38Z",
    "active": true,
    "code": "PER_3171_",
    "firstName": "François",
    "lastName": "Pointet",
    "number": 3171,
    "officialDenomination": "Pointet",
    "salutationLetter": null,
    "salutationTitle": null
  },
  {
    "id": 4280,
    "updated": "2019-12-13T14:37:36Z",
    "active": true,
    "code": "PER_3172_",
    "firstName": "Léonore",
    "lastName": "Porchet",
    "number": 3172,
    "officialDenomination": "Porchet",
    "salutationLetter": null,
    "salutationTitle": null
  },
  {
    "id": 4141,
    "updated": "2020-06-09T17:25:07Z",
    "active": true,
    "code": "PER_3043_",
    "firstName": "Hans-Peter",
    "lastName": "Portmann",
    "number": 3043,
    "officialDenomination": "Portmann",
    "salutationLetter": null,
    "salutationTitle": null
  },
  {
    "id": 3999,
    "updated": "2020-06-18T09:31:26Z",
    "active": true,
    "code": "PER_2732_",
    "firstName": "Katharina",
    "lastName": "Prelicz-Huber",
    "number": 2732,
    "officialDenomination": "Prelicz-Huber",
    "salutationLetter": null,
    "salutationTitle": null
  },
  {
    "id": 4301,
    "updated": "2019-11-15T11:10:22Z",
    "active": true,
    "code": "PER_3161_",
    "firstName": "Stefania",
    "lastName": "Prezioso Batou",
    "number": 3161,
    "officialDenomination": "Prezioso",
    "salutationLetter": null,
    "salutationTitle": null
  },
  {
    "id": 4281,
    "updated": "2019-11-11T14:48:41Z",
    "active": true,
    "code": "PER_3173_",
    "firstName": "Jon",
    "lastName": "Pult",
    "number": 3173,
    "officialDenomination": "Pult",
    "salutationLetter": null,
    "salutationTitle": null
  },
  {
    "id": 4307,
    "updated": "2019-11-21T10:56:43Z",
    "active": true,
    "code": "PER_3203_",
    "firstName": "Valentine",
    "lastName": "Python",
    "number": 3203,
    "officialDenomination": "Python",
    "salutationLetter": null,
    "salutationTitle": null
  },
  {
    "id": 4046,
    "updated": "2020-05-13T12:04:26Z",
    "active": true,
    "code": "PER_2752_",
    "firstName": "Lorenzo",
    "lastName": "Quadri",
    "number": 2752,
    "officialDenomination": "Quadri",
    "salutationLetter": null,
    "salutationTitle": null
  },
  {
    "id": 172,
    "updated": "2019-11-28T16:19:12Z",
    "active": true,
    "code": "PER_2143_",
    "firstName": "Paul",
    "lastName": "Rechsteiner",
    "number": 2143,
    "officialDenomination": "Rechsteiner Paul",
    "salutationLetter": null,
    "salutationTitle": null
  },
  {
    "id": 4282,
    "updated": "2020-07-08T09:57:17Z",
    "active": true,
    "code": "PER_3174_",
    "firstName": "Thomas",
    "lastName": "Rechsteiner",
    "number": 3174,
    "officialDenomination": "Rechsteiner Thomas",
    "salutationLetter": null,
    "salutationTitle": null
  },
  {
    "id": 4072,
    "updated": "2019-11-21T16:29:15Z",
    "active": true,
    "code": "PER_2776_",
    "firstName": "Fabio",
    "lastName": "Regazzi",
    "number": 2776,
    "officialDenomination": "Regazzi",
    "salutationLetter": null,
    "salutationTitle": null
  },
  {
    "id": 4316,
    "updated": "2020-04-16T09:49:13Z",
    "active": true,
    "code": "PER_3212_",
    "firstName": "Othmar",
    "lastName": "Reichmuth",
    "number": 3212,
    "officialDenomination": "Reichmuth",
    "salutationLetter": null,
    "salutationTitle": null
  },
  {
    "id": 3901,
    "updated": "2019-11-29T09:28:06Z",
    "active": true,
    "code": "PER_2704_",
    "firstName": "Lukas",
    "lastName": "Reimann",
    "number": 2704,
    "officialDenomination": "Reimann Lukas",
    "salutationLetter": null,
    "salutationTitle": null
  },
  {
    "id": 4091,
    "updated": "2020-02-14T15:12:08Z",
    "active": true,
    "code": "PER_2795_",
    "firstName": "Mathias",
    "lastName": "Reynard",
    "number": 2795,
    "officialDenomination": "Reynard",
    "salutationLetter": null,
    "salutationTitle": null
  },
  {
    "id": 4204,
    "updated": "2019-11-28T12:12:50Z",
    "active": true,
    "code": "PER_3105_",
    "firstName": "Beat",
    "lastName": "Rieder",
    "number": 3105,
    "officialDenomination": "Rieder",
    "salutationLetter": null,
    "salutationTitle": null
  },
  {
    "id": 4313,
    "updated": "2020-04-16T09:54:48Z",
    "active": true,
    "code": "PER_3209_",
    "firstName": "Maja",
    "lastName": "Riniker",
    "number": 3209,
    "officialDenomination": "Riniker",
    "salutationLetter": null,
    "salutationTitle": null
  },
  {
    "id": 4052,
    "updated": "2019-10-24T12:19:57Z",
    "active": true,
    "code": "PER_2754_",
    "firstName": "Markus",
    "lastName": "Ritter",
    "number": 2754,
    "officialDenomination": "Ritter",
    "salutationLetter": null,
    "salutationTitle": null
  },
  {
    "id": 4232,
    "updated": "2019-11-11T11:49:24Z",
    "active": false,
    "code": "PER_3133_",
    "firstName": "Nicolas",
    "lastName": "Rochat Fernandez",
    "number": 3133,
    "officialDenomination": "Rochat Fernandez",
    "salutationLetter": null,
    "salutationTitle": null
  },
  {
    "id": 4220,
    "updated": "2020-06-10T09:29:46Z",
    "active": true,
    "code": "PER_3121_",
    "firstName": "Benjamin",
    "lastName": "Roduit",
    "number": 3121,
    "officialDenomination": "Roduit",
    "salutationLetter": null,
    "salutationTitle": null
  },
  {
    "id": 4120,
    "updated": "2020-09-08T16:53:54Z",
    "active": true,
    "code": "PER_3025_",
    "firstName": "Marco",
    "lastName": "Romano",
    "number": 3025,
    "officialDenomination": "Romano",
    "salutationLetter": null,
    "salutationTitle": null
  },
  {
    "id": 4100,
    "updated": "2020-08-26T09:09:59Z",
    "active": true,
    "code": "PER_3010_",
    "firstName": "Albert",
    "lastName": "Rösti",
    "number": 3010,
    "officialDenomination": "Rösti",
    "salutationLetter": null,
    "salutationTitle": null
  },
  {
    "id": 4283,
    "updated": "2020-06-05T08:46:44Z",
    "active": true,
    "code": "PER_3175_",
    "firstName": "Franziska",
    "lastName": "Roth",
    "number": 3175,
    "officialDenomination": "Roth Franziska",
    "salutationLetter": null,
    "salutationTitle": null
  },
  {
    "id": 4284,
    "updated": "2020-04-16T09:56:49Z",
    "active": true,
    "code": "PER_3176_",
    "firstName": "Marie-France",
    "lastName": "Roth Pasquier",
    "number": 3176,
    "officialDenomination": "Roth Pasquier",
    "salutationLetter": null,
    "salutationTitle": null
  },
  {
    "id": 4285,
    "updated": "2020-05-07T14:26:19Z",
    "active": true,
    "code": "PER_3177_",
    "firstName": "Monika",
    "lastName": "Rüegger",
    "number": 3177,
    "officialDenomination": "Rüegger",
    "salutationLetter": null,
    "salutationTitle": null
  },
  {
    "id": 4170,
    "updated": "2020-02-14T15:14:22Z",
    "active": true,
    "code": "PER_3091_",
    "firstName": "Franz",
    "lastName": "Ruppen",
    "number": 3091,
    "officialDenomination": "Ruppen",
    "salutationLetter": null,
    "salutationTitle": null
  },
  {
    "id": 4125,
    "updated": "2019-11-20T16:54:50Z",
    "active": true,
    "code": "PER_3030_",
    "firstName": "Gregor",
    "lastName": "Rutz",
    "number": 3030,
    "officialDenomination": "Rutz Gregor",
    "salutationLetter": null,
    "salutationTitle": null
  },
  {
    "id": 4286,
    "updated": "2020-02-14T14:43:58Z",
    "active": true,
    "code": "PER_3178_",
    "firstName": "Franziska",
    "lastName": "Ryser",
    "number": 3178,
    "officialDenomination": "Ryser",
    "salutationLetter": null,
    "salutationTitle": null
  },
  {
    "id": 4095,
    "updated": "2019-12-02T11:09:24Z",
    "active": true,
    "code": "PER_3000_",
    "firstName": "Regula",
    "lastName": "Rytz",
    "number": 3000,
    "officialDenomination": "Rytz Regula",
    "salutationLetter": null,
    "salutationTitle": null
  },
  {
    "id": 4172,
    "updated": "2020-02-24T09:44:51Z",
    "active": true,
    "code": "PER_3092_",
    "firstName": "Werner",
    "lastName": "Salzmann",
    "number": 3092,
    "officialDenomination": "Salzmann",
    "salutationLetter": null,
    "salutationTitle": null
  },
  {
    "id": 4202,
    "updated": "2019-10-31T11:24:40Z",
    "active": true,
    "code": "PER_3103_",
    "firstName": "Regine",
    "lastName": "Sauter",
    "number": 3103,
    "officialDenomination": "Sauter",
    "salutationLetter": null,
    "salutationTitle": null
  },
  {
    "id": 4287,
    "updated": "2019-12-12T15:46:03Z",
    "active": true,
    "code": "PER_3179_",
    "firstName": "Barbara",
    "lastName": "Schaffner",
    "number": 3179,
    "officialDenomination": "Schaffner",
    "salutationLetter": null,
    "salutationTitle": null
  },
  {
    "id": 4124,
    "updated": "2020-08-18T11:37:17Z",
    "active": true,
    "code": "PER_3029_",
    "firstName": "Peter",
    "lastName": "Schilliger",
    "number": 3029,
    "officialDenomination": "Schilliger",
    "salutationLetter": null,
    "salutationTitle": null
  },
  {
    "id": 4234,
    "updated": "2020-05-07T15:13:10Z",
    "hasMorePages": true,
    "active": true,
    "code": "PER_3135_",
    "firstName": "Therese",
    "lastName": "Schläpfer",
    "number": 3135,
    "officialDenomination": "Schläpfer",
    "salutationLetter": null,
    "salutationTitle": null
  },
  {
    "id": 4288,
    "updated": "2019-10-31T16:35:58Z",
    "active": true,
    "code": "PER_3180_",
    "firstName": "Marionna",
    "lastName": "Schlatter",
    "number": 3180,
    "officialDenomination": "Schlatter",
    "salutationLetter": null,
    "salutationTitle": null
  },
  {
    "id": 4078,
    "updated": "2019-10-22T15:31:50Z",
    "active": true,
    "code": "PER_2783_",
    "firstName": "Martin",
    "lastName": "Schmid",
    "number": 2783,
    "officialDenomination": "Schmid Martin",
    "salutationLetter": null,
    "salutationTitle": null
  },
  {
    "id": 4060,
    "updated": "2020-06-24T16:20:22Z",
    "active": true,
    "code": "PER_2766_",
    "firstName": "Daniela",
    "lastName": "Schneeberger",
    "number": 2766,
    "officialDenomination": "Schneeberger",
    "salutationLetter": null,
    "salutationTitle": null
  },
  {
    "id": 4289,
    "updated": "2019-11-07T14:06:03Z",
    "active": true,
    "code": "PER_3181_",
    "firstName": "Meret",
    "lastName": "Schneider",
    "number": 3181,
    "officialDenomination": "Schneider Meret",
    "salutationLetter": null,
    "salutationTitle": null
  },
  {
    "id": 4123,
    "updated": "2020-03-23T09:25:26Z",
    "active": true,
    "code": "PER_3028_",
    "firstName": "Ursula",
    "lastName": "Schneider Schüttel",
    "number": 3028,
    "officialDenomination": "Schneider Schüttel",
    "salutationLetter": null,
    "salutationTitle": null
  },
  {
    "id": 4040,
    "updated": "2020-09-11T12:10:47Z",
    "active": true,
    "code": "PER_2748_",
    "firstName": "Elisabeth",
    "lastName": "Schneider-Schneiter",
    "number": 2748,
    "officialDenomination": "Schneider-Schneiter",
    "salutationLetter": null,
    "salutationTitle": null
  },
  {
    "id": 1159,
    "updated": "2015-11-12T17:46:50Z",
    "active": true,
    "code": "PER_2631_",
    "firstName": "Pirmin",
    "lastName": "Schwander",
    "number": 2631,
    "officialDenomination": "Schwander",
    "salutationLetter": null,
    "salutationTitle": null
  },
  {
    "id": 4199,
    "updated": "2019-10-31T11:38:09Z",
    "active": true,
    "code": "PER_3094_",
    "firstName": "Priska",
    "lastName": "Seiler Graf",
    "number": 3094,
    "officialDenomination": "Seiler Graf",
    "salutationLetter": null,
    "salutationTitle": null
  },
  {
    "id": 4146,
    "updated": "2019-11-15T16:21:49Z",
    "active": true,
    "code": "PER_3048_",
    "firstName": "Heinz",
    "lastName": "Siegenthaler",
    "number": 3048,
    "officialDenomination": "Siegenthaler",
    "salutationLetter": null,
    "salutationTitle": null
  },
  {
    "id": 4290,
    "updated": "2020-05-20T15:49:21Z",
    "active": true,
    "code": "PER_3182_",
    "firstName": "Andri",
    "lastName": "Silberschmidt",
    "number": 3182,
    "officialDenomination": "Silberschmidt",
    "salutationLetter": null,
    "salutationTitle": null
  },
  {
    "id": 4173,
    "updated": "2020-01-07T11:24:11Z",
    "active": true,
    "code": "PER_3095_",
    "firstName": "Sandra",
    "lastName": "Sollberger",
    "number": 3095,
    "officialDenomination": "Sollberger",
    "salutationLetter": null,
    "salutationTitle": null
  },
  {
    "id": 1120,
    "updated": "2020-06-26T10:18:27Z",
    "active": true,
    "code": "PER_2632_",
    "firstName": "Carlo",
    "lastName": "Sommaruga",
    "number": 2632,
    "officialDenomination": "Sommaruga Carlo",
    "salutationLetter": null,
    "salutationTitle": null
  },
  {
    "id": 4292,
    "updated": "2019-10-31T14:32:31Z",
    "active": true,
    "code": "PER_3184_",
    "firstName": "Simon",
    "lastName": "Stadler",
    "number": 3184,
    "officialDenomination": "Stadler",
    "salutationLetter": null,
    "salutationTitle": null
  },
  {
    "id": 4241,
    "updated": "2019-12-13T16:04:33Z",
    "active": true,
    "code": "PER_3196_",
    "firstName": "Jakob",
    "lastName": "Stark",
    "number": 3196,
    "officialDenomination": "Stark",
    "salutationLetter": null,
    "salutationTitle": null
  },
  {
    "id": 4174,
    "updated": "2019-12-12T16:56:21Z",
    "active": true,
    "code": "PER_3096_",
    "firstName": "Barbara",
    "lastName": "Steinemann",
    "number": 3096,
    "officialDenomination": "Steinemann",
    "salutationLetter": null,
    "salutationTitle": null
  },
  {
    "id": 1267,
    "updated": "2016-11-09T13:04:48Z",
    "active": true,
    "code": "PER_2647_",
    "firstName": "Hans",
    "lastName": "Stöckli",
    "number": 2647,
    "officialDenomination": "Stöckli",
    "salutationLetter": null,
    "salutationTitle": null
  },
  {
    "id": 4312,
    "updated": "2020-02-14T15:04:22Z",
    "active": true,
    "code": "PER_3208_",
    "firstName": "Bruno",
    "lastName": "Storni",
    "number": 3208,
    "officialDenomination": "Storni",
    "salutationLetter": null,
    "salutationTitle": null
  },
  {
    "id": 4036,
    "updated": "2020-06-10T09:35:01Z",
    "active": true,
    "code": "PER_2747_",
    "firstName": "Marianne",
    "lastName": "Streiff-Feller",
    "number": 2747,
    "officialDenomination": "Streiff",
    "salutationLetter": null,
    "salutationTitle": null
  },
  {
    "id": 4293,
    "updated": "2019-11-08T15:27:00Z",
    "active": true,
    "code": "PER_3185_",
    "firstName": "Manuel",
    "lastName": "Strupler",
    "number": 3185,
    "officialDenomination": "Strupler",
    "salutationLetter": null,
    "salutationTitle": null
  },
  {
    "id": 4294,
    "updated": "2019-12-13T14:14:57Z",
    "active": true,
    "code": "PER_3186_",
    "firstName": "Lilian",
    "lastName": "Studer",
    "number": 3186,
    "officialDenomination": "Studer",
    "salutationLetter": null,
    "salutationTitle": null
  },
  {
    "id": 4295,
    "updated": "2019-12-13T14:16:20Z",
    "active": true,
    "code": "PER_3187_",
    "firstName": "Gabriela",
    "lastName": "Suter",
    "number": 3187,
    "officialDenomination": "Suter",
    "salutationLetter": null,
    "salutationTitle": null
  },
  {
    "id": 3907,
    "updated": "2019-10-22T15:28:15Z",
    "active": true,
    "code": "PER_2710_",
    "firstName": "Adèle",
    "lastName": "Thorens Goumaz",
    "number": 2710,
    "officialDenomination": "Thorens Goumaz",
    "salutationLetter": null,
    "salutationTitle": null
  },
  {
    "id": 4221,
    "updated": "2019-10-22T15:28:15Z",
    "active": true,
    "code": "PER_3122_",
    "firstName": "Michael",
    "lastName": "Töngi",
    "number": 3122,
    "officialDenomination": "Töngi",
    "salutationLetter": null,
    "salutationTitle": null
  },
  {
    "id": 4128,
    "updated": "2019-11-26T16:30:22Z",
    "active": true,
    "code": "PER_3032_",
    "firstName": "Aline",
    "lastName": "Trede",
    "number": 3032,
    "officialDenomination": "Trede",
    "salutationLetter": null,
    "salutationTitle": null
  },
  {
    "id": 4175,
    "updated": "2019-11-14T14:13:23Z",
    "active": true,
    "code": "PER_3097_",
    "firstName": "Mauro",
    "lastName": "Tuena",
    "number": 3097,
    "officialDenomination": "Tuena",
    "salutationLetter": null,
    "salutationTitle": null
  },
  {
    "id": 4065,
    "updated": "2020-03-03T17:30:42Z",
    "active": true,
    "code": "PER_2781_",
    "firstName": "Nadja",
    "lastName": "Umbricht Pieren",
    "number": 2781,
    "officialDenomination": "Umbricht Pieren",
    "salutationLetter": null,
    "salutationTitle": null
  },
  {
    "id": 4242,
    "updated": "2020-09-09T09:36:22Z",
    "active": true,
    "code": "PER_3197_",
    "firstName": "Céline",
    "lastName": "Vara",
    "number": 3197,
    "officialDenomination": "Vara",
    "salutationLetter": null,
    "salutationTitle": null
  },
  {
    "id": 4296,
    "updated": "2019-12-13T13:52:29Z",
    "active": true,
    "code": "PER_3188_",
    "firstName": "Susanne",
    "lastName": "Vincenz-Stauffacher",
    "number": 3188,
    "officialDenomination": "Vincenz",
    "salutationLetter": null,
    "salutationTitle": null
  },
  {
    "id": 4054,
    "updated": "2020-06-15T14:35:28Z",
    "active": false,
    "code": "PER_2761_",
    "firstName": "Albert",
    "lastName": "Vitali",
    "number": 2761,
    "officialDenomination": "Vitali",
    "salutationLetter": null,
    "salutationTitle": null
  },
  {
    "id": 4176,
    "updated": "2019-11-20T17:10:37Z",
    "active": true,
    "code": "PER_3098_",
    "firstName": "Hans-Ueli",
    "lastName": "Vogt",
    "number": 3098,
    "officialDenomination": "Vogt",
    "salutationLetter": null,
    "salutationTitle": null
  },
  {
    "id": 3910,
    "updated": "2019-10-22T15:28:14Z",
    "active": true,
    "code": "PER_2713_",
    "firstName": "Erich",
    "lastName": "von Siebenthal",
    "number": 2713,
    "officialDenomination": "von Siebenthal",
    "salutationLetter": null,
    "salutationTitle": null
  },
  {
    "id": 4297,
    "updated": "2020-09-14T09:00:29Z",
    "active": true,
    "code": "PER_3189_",
    "firstName": "Nicolas",
    "lastName": "Walder",
    "number": 3189,
    "officialDenomination": "Walder",
    "salutationLetter": null,
    "salutationTitle": null
  },
  {
    "id": 4177,
    "updated": "2019-12-12T17:09:39Z",
    "active": true,
    "code": "PER_3099_",
    "firstName": "Bruno",
    "lastName": "Walliser",
    "number": 3099,
    "officialDenomination": "Walliser",
    "salutationLetter": null,
    "salutationTitle": null
  },
  {
    "id": 4142,
    "updated": "2019-12-12T17:11:42Z",
    "active": true,
    "code": "PER_3044_",
    "firstName": "Beat",
    "lastName": "Walti",
    "number": 3044,
    "officialDenomination": "Walti Beat",
    "salutationLetter": null,
    "salutationTitle": null
  },
  {
    "id": 3912,
    "updated": "2019-10-25T17:05:53Z",
    "active": true,
    "code": "PER_2715_",
    "firstName": "Christian",
    "lastName": "Wasserfallen",
    "number": 2715,
    "officialDenomination": "Wasserfallen Christian",
    "salutationLetter": null,
    "salutationTitle": null
  },
  {
    "id": 4224,
    "updated": "2020-01-08T14:57:07Z",
    "active": true,
    "code": "PER_3125_",
    "firstName": "Flavia",
    "lastName": "Wasserfallen",
    "number": 3125,
    "officialDenomination": "Wasserfallen Flavia",
    "salutationLetter": null,
    "salutationTitle": null
  },
  {
    "id": 4194,
    "updated": "2020-03-23T14:11:59Z",
    "active": true,
    "code": "PER_3100_",
    "firstName": "Laurent",
    "lastName": "Wehrli",
    "number": 3100,
    "officialDenomination": "Wehrli",
    "salutationLetter": null,
    "salutationTitle": null
  },
  {
    "id": 4298,
    "updated": "2020-02-14T14:30:05Z",
    "active": true,
    "code": "PER_3190_",
    "firstName": "Manuela",
    "lastName": "Weichelt-Picard",
    "number": 3190,
    "officialDenomination": "Weichelt-Picard",
    "salutationLetter": null,
    "salutationTitle": null
  },
  {
    "id": 4057,
    "updated": "2019-11-08T10:22:41Z",
    "active": true,
    "code": "PER_2759_",
    "firstName": "Cédric",
    "lastName": "Wermuth",
    "number": 2759,
    "officialDenomination": "Wermuth",
    "salutationLetter": null,
    "salutationTitle": null
  },
  {
    "id": 4299,
    "updated": "2019-12-13T12:04:16Z",
    "active": true,
    "code": "PER_3191_",
    "firstName": "Felix",
    "lastName": "Wettstein",
    "number": 3191,
    "officialDenomination": "Wettstein",
    "salutationLetter": null,
    "salutationTitle": null
  },
  {
    "id": 4152,
    "updated": "2019-12-13T15:47:45Z",
    "active": true,
    "code": "PER_3054_",
    "firstName": "Hans",
    "lastName": "Wicki",
    "number": 3054,
    "officialDenomination": "Wicki",
    "salutationLetter": null,
    "salutationTitle": null
  },
  {
    "id": 4300,
    "updated": "2019-11-11T15:17:20Z",
    "active": true,
    "code": "PER_3192_",
    "firstName": "Céline",
    "lastName": "Widmer",
    "number": 3192,
    "officialDenomination": "Widmer Céline",
    "salutationLetter": null,
    "salutationTitle": null
  },
  {
    "id": 4305,
    "updated": "2019-12-13T11:24:52Z",
    "active": true,
    "code": "PER_3202_",
    "firstName": "Priska",
    "lastName": "Wismer-Felder",
    "number": 3202,
    "officialDenomination": "Wismer Priska",
    "salutationLetter": null,
    "salutationTitle": null
  },
  {
    "id": 1142,
    "updated": "2018-01-10T16:53:57Z",
    "active": true,
    "code": "PER_2638_",
    "firstName": "Walter",
    "lastName": "Wobmann",
    "number": 2638,
    "officialDenomination": "Wobmann",
    "salutationLetter": null,
    "salutationTitle": null
  },
  {
    "id": 4237,
    "updated": "2020-06-10T11:00:33Z",
    "active": true,
    "code": "PER_3136_",
    "firstName": "Benedikt",
    "lastName": "Würth",
    "number": 3136,
    "officialDenomination": "Würth",
    "salutationLetter": null,
    "salutationTitle": null
  },
  {
    "id": 525,
    "updated": "2020-04-16T09:35:35Z",
    "active": true,
    "code": "PER_2546_",
    "firstName": "Roberto",
    "lastName": "Zanetti",
    "number": 2546,
    "officialDenomination": "Zanetti Roberto",
    "salutationLetter": null,
    "salutationTitle": null
  },
  {
    "id": 4243,
    "updated": "2020-06-09T09:20:05Z",
    "active": true,
    "code": "PER_3198_",
    "firstName": "Heidi",
    "lastName": "Z'graggen",
    "number": 3198,
    "officialDenomination": "Z'graggen",
    "salutationLetter": null,
    "salutationTitle": null
  },
  {
    "id": 4244,
    "updated": "2020-06-30T10:21:02Z",
    "active": true,
    "code": "PER_3199_",
    "firstName": "Mathias",
    "lastName": "Zopfi",
    "number": 3199,
    "officialDenomination": "Zopfi",
    "salutationLetter": null,
    "salutationTitle": null
  },
  {
    "id": 4179,
    "updated": "2020-05-18T07:53:08Z",
    "hasMorePages": false,
    "active": true,
    "code": "PER_3102_",
    "firstName": "David",
    "lastName": "Zuberbühler",
    "number": 3102,
    "officialDenomination": "Zuberbühler",
    "salutationLetter": null,
    "salutationTitle": null
  }
]