﻿<?xml version="1.0" encoding="utf-8"?>
<councillors xmlns:i="http://www.w3.org/2001/XMLSchema-instance">
    <councillor>
        <id>4154</id>
        <updated>2020-05-26T10:59:56Z</updated>
        <active>true</active>
        <code>PER_3055_</code>
        <firstName>Jean-Luc</firstName>
        <lastName>Addor</lastName>
        <number>3055</number>
        <officialDenomination>Addor</officialDenomination>
        <salutationLetter i:nil="true"/>
        <salutationTitle i:nil="true"/>
    </councillor>
    <councillor>
        <id>3867</id>
        <updated>2019-11-13T15:22:53Z</updated>
        <active>true</active>
        <code>PER_2670_</code>
        <firstName>Andreas</firstName>
        <lastName>Aebi</lastName>
        <number>2670</number>
        <officialDenomination>Aebi Andreas</officialDenomination>
        <salutationLetter i:nil="true"/>
        <salutationTitle i:nil="true"/>
    </councillor>
    <councillor>
        <id>4049</id>
        <updated>2020-03-04T08:32:37Z</updated>
        <active>true</active>
        <code>PER_2760_</code>
        <firstName>Matthias</firstName>
        <lastName>Aebischer</lastName>
        <number>2760</number>
        <officialDenomination>Aebischer Matthias</officialDenomination>
        <salutationLetter i:nil="true"/>
        <salutationTitle i:nil="true"/>
    </councillor>
    <councillor>
        <id>4053</id>
        <updated>2020-04-01T13:38:44Z</updated>
        <active>true</active>
        <code>PER_2758_</code>
        <firstName>Thomas</firstName>
        <lastName>Aeschi</lastName>
        <number>2758</number>
        <officialDenomination>Aeschi Thomas</officialDenomination>
        <salutationLetter i:nil="true"/>
        <salutationTitle i:nil="true"/>
    </councillor>
    <councillor>
        <id>4090</id>
        <updated>2019-11-19T11:56:59Z</updated>
        <active>true</active>
        <code>PER_2796_</code>
        <firstName>Céline</firstName>
        <lastName>Amaudruz</lastName>
        <number>2796</number>
        <officialDenomination>Amaudruz</officialDenomination>
        <salutationLetter i:nil="true"/>
        <salutationTitle i:nil="true"/>
    </councillor>
    <councillor>
        <id>4245</id>
        <updated>2020-05-20T15:59:19Z</updated>
        <active>true</active>
        <code>PER_3137_</code>
        <firstName>Gerhard</firstName>
        <lastName>Andrey</lastName>
        <number>3137</number>
        <officialDenomination>Andrey</officialDenomination>
        <salutationLetter i:nil="true"/>
        <salutationTitle i:nil="true"/>
    </councillor>
    <councillor>
        <id>4184</id>
        <updated>2020-09-09T09:44:37Z</updated>
        <active>true</active>
        <code>PER_3058_</code>
        <firstName>Sibel</firstName>
        <lastName>Arslan</lastName>
        <number>3058</number>
        <officialDenomination>Arslan</officialDenomination>
        <salutationLetter i:nil="true"/>
        <salutationTitle i:nil="true"/>
    </councillor>
    <councillor>
        <id>4304</id>
        <updated>2019-11-14T18:51:47Z</updated>
        <active>true</active>
        <code>PER_3201_</code>
        <firstName>Mustafa</firstName>
        <lastName>Atici</lastName>
        <number>3201</number>
        <officialDenomination>Atici</officialDenomination>
        <salutationLetter i:nil="true"/>
        <salutationTitle i:nil="true"/>
    </councillor>
    <councillor>
        <id>4246</id>
        <updated>2020-02-12T07:45:02Z</updated>
        <active>true</active>
        <code>PER_3138_</code>
        <firstName>Christine</firstName>
        <lastName>Badertscher</lastName>
        <number>3138</number>
        <officialDenomination>Badertscher</officialDenomination>
        <salutationLetter i:nil="true"/>
        <salutationTitle i:nil="true"/>
    </councillor>
    <councillor>
        <id>4058</id>
        <updated>2019-10-22T15:15:34Z</updated>
        <active>true</active>
        <code>PER_2762_</code>
        <firstName>Jacqueline</firstName>
        <lastName>Badran</lastName>
        <number>2762</number>
        <officialDenomination>Badran Jacqueline</officialDenomination>
        <salutationLetter i:nil="true"/>
        <salutationTitle i:nil="true"/>
    </councillor>
    <councillor>
        <id>4203</id>
        <updated>2019-12-18T10:07:32Z</updated>
        <active>true</active>
        <code>PER_3104_</code>
        <firstName>Angelo</firstName>
        <lastName>Barrile</lastName>
        <number>3104</number>
        <officialDenomination>Barrile</officialDenomination>
        <salutationLetter i:nil="true"/>
        <salutationTitle i:nil="true"/>
    </councillor>
    <councillor>
        <id>4187</id>
        <updated>2019-11-19T12:15:42Z</updated>
        <active>true</active>
        <code>PER_3059_</code>
        <firstName>Philippe</firstName>
        <lastName>Bauer</lastName>
        <number>3059</number>
        <officialDenomination>Bauer</officialDenomination>
        <salutationLetter i:nil="true"/>
        <salutationTitle i:nil="true"/>
    </councillor>
    <councillor>
        <id>4247</id>
        <updated>2019-10-30T09:38:37Z</updated>
        <active>true</active>
        <code>PER_3139_</code>
        <firstName>Kilian</firstName>
        <lastName>Baumann</lastName>
        <number>3139</number>
        <officialDenomination>Baumann</officialDenomination>
        <salutationLetter i:nil="true"/>
        <salutationTitle i:nil="true"/>
    </councillor>
    <councillor>
        <id>4238</id>
        <updated>2019-11-15T12:27:49Z</updated>
        <active>true</active>
        <code>PER_3193_</code>
        <firstName>Elisabeth</firstName>
        <lastName>Baume-Schneider</lastName>
        <number>3193</number>
        <officialDenomination>Baume-Schneider</officialDenomination>
        <salutationLetter i:nil="true"/>
        <salutationTitle i:nil="true"/>
    </councillor>
    <councillor>
        <id>1138</id>
        <updated>2020-02-27T11:10:31Z</updated>
        <active>true</active>
        <code>PER_2585_</code>
        <firstName>Martin</firstName>
        <lastName>Bäumle</lastName>
        <number>2585</number>
        <officialDenomination>Bäumle</officialDenomination>
        <salutationLetter i:nil="true"/>
        <salutationTitle i:nil="true"/>
    </councillor>
    <councillor>
        <id>4248</id>
        <updated>2020-01-30T07:23:28Z</updated>
        <active>true</active>
        <code>PER_3140_</code>
        <firstName>Judith</firstName>
        <lastName>Bellaïche</lastName>
        <number>3140</number>
        <officialDenomination>Bellaïche</officialDenomination>
        <salutationLetter i:nil="true"/>
        <salutationTitle i:nil="true"/>
    </councillor>
    <councillor>
        <id>4213</id>
        <updated>2019-10-22T15:15:34Z</updated>
        <active>true</active>
        <code>PER_3114_</code>
        <firstName>Samuel</firstName>
        <lastName>Bendahan</lastName>
        <number>3114</number>
        <officialDenomination>Bendahan</officialDenomination>
        <salutationLetter i:nil="true"/>
        <salutationTitle i:nil="true"/>
    </councillor>
    <councillor>
        <id>4102</id>
        <updated>2019-11-13T18:09:25Z</updated>
        <active>true</active>
        <code>PER_3016_</code>
        <firstName>Kathrin</firstName>
        <lastName>Bertschy</lastName>
        <number>3016</number>
        <officialDenomination>Bertschy</officialDenomination>
        <salutationLetter i:nil="true"/>
        <salutationTitle i:nil="true"/>
    </councillor>
    <councillor>
        <id>4249</id>
        <updated>2019-11-15T16:04:07Z</updated>
        <active>true</active>
        <code>PER_3141_</code>
        <firstName>Marianne</firstName>
        <lastName>Binder-Keller</lastName>
        <number>3141</number>
        <officialDenomination>Binder</officialDenomination>
        <salutationLetter i:nil="true"/>
        <salutationTitle i:nil="true"/>
    </councillor>
    <councillor>
        <id>4250</id>
        <updated>2019-12-13T14:06:45Z</updated>
        <active>true</active>
        <code>PER_3142_</code>
        <firstName>Martina</firstName>
        <lastName>Bircher</lastName>
        <number>3142</number>
        <officialDenomination>Bircher</officialDenomination>
        <salutationLetter i:nil="true"/>
        <salutationTitle i:nil="true"/>
    </councillor>
    <councillor>
        <id>4030</id>
        <updated>2019-12-13T09:43:42Z</updated>
        <active>true</active>
        <code>PER_2743_</code>
        <firstName>Prisca</firstName>
        <lastName>Birrer-Heimo</lastName>
        <number>2743</number>
        <officialDenomination>Birrer-Heimo</officialDenomination>
        <salutationLetter i:nil="true"/>
        <salutationTitle i:nil="true"/>
    </councillor>
    <councillor>
        <id>3871</id>
        <updated>2020-05-15T10:29:47Z</updated>
        <active>true</active>
        <code>PER_2674_</code>
        <firstName>Pirmin</firstName>
        <lastName>Bischof</lastName>
        <number>2674</number>
        <officialDenomination>Bischof</officialDenomination>
        <salutationLetter i:nil="true"/>
        <salutationTitle i:nil="true"/>
    </councillor>
    <councillor>
        <id>4188</id>
        <updated>2020-07-10T08:41:11Z</updated>
        <active>true</active>
        <code>PER_3061_</code>
        <firstName>Frédéric</firstName>
        <lastName>Borloz</lastName>
        <number>3061</number>
        <officialDenomination>Borloz</officialDenomination>
        <salutationLetter i:nil="true"/>
        <salutationTitle i:nil="true"/>
    </councillor>
    <councillor>
        <id>3872</id>
        <updated>2019-10-31T16:07:49Z</updated>
        <active>true</active>
        <code>PER_2675_</code>
        <firstName>Jacques</firstName>
        <lastName>Bourgeois</lastName>
        <number>2675</number>
        <officialDenomination>Bourgeois</officialDenomination>
        <salutationLetter i:nil="true"/>
        <salutationTitle i:nil="true"/>
    </councillor>
    <councillor>
        <id>4230</id>
        <updated>2019-12-13T14:40:24Z</updated>
        <active>true</active>
        <code>PER_3131_</code>
        <firstName>Philipp Matthias</firstName>
        <lastName>Bregy</lastName>
        <number>3131</number>
        <officialDenomination>Bregy</officialDenomination>
        <salutationLetter i:nil="true"/>
        <salutationTitle i:nil="true"/>
    </councillor>
    <councillor>
        <id>724</id>
        <updated>2019-10-22T15:15:34Z</updated>
        <active>true</active>
        <code>PER_2023_</code>
        <firstName>Daniel</firstName>
        <lastName>Brélaz</lastName>
        <number>2023</number>
        <officialDenomination>Brélaz</officialDenomination>
        <salutationLetter i:nil="true"/>
        <salutationTitle i:nil="true"/>
    </councillor>
    <councillor>
        <id>4315</id>
        <updated>2020-03-05T11:29:59Z</updated>
        <active>true</active>
        <code>PER_3211_</code>
        <firstName>Florence</firstName>
        <lastName>Brenzikofer</lastName>
        <number>3211</number>
        <officialDenomination>Brenzikofer</officialDenomination>
        <salutationLetter i:nil="true"/>
        <salutationTitle i:nil="true"/>
    </councillor>
    <councillor>
        <id>4251</id>
        <updated>2020-02-07T08:15:13Z</updated>
        <active>true</active>
        <code>PER_3143_</code>
        <firstName>Thomas</firstName>
        <lastName>Brunner</lastName>
        <number>3143</number>
        <officialDenomination>Brunner</officialDenomination>
        <salutationLetter i:nil="true"/>
        <salutationTitle i:nil="true"/>
    </councillor>
    <councillor>
        <id>4025</id>
        <updated>2019-11-28T08:45:21Z</updated>
        <active>true</active>
        <code>PER_2740_</code>
        <firstName>Roland Rino</firstName>
        <lastName>Büchel</lastName>
        <number>2740</number>
        <officialDenomination>Büchel Roland</officialDenomination>
        <salutationLetter i:nil="true"/>
        <salutationTitle i:nil="true"/>
    </councillor>
    <councillor>
        <id>4156</id>
        <updated>2019-12-13T14:28:25Z</updated>
        <active>true</active>
        <code>PER_3062_</code>
        <firstName>Michaël</firstName>
        <lastName>Buffat</lastName>
        <number>3062</number>
        <officialDenomination>Buffat</officialDenomination>
        <salutationLetter i:nil="true"/>
        <salutationTitle i:nil="true"/>
    </councillor>
    <councillor>
        <id>4101</id>
        <updated>2019-11-20T11:52:48Z</updated>
        <active>true</active>
        <code>PER_3017_</code>
        <firstName>Christine</firstName>
        <lastName>Bulliard-Marbach</lastName>
        <number>3017</number>
        <officialDenomination>Bulliard</officialDenomination>
        <salutationLetter i:nil="true"/>
        <salutationTitle i:nil="true"/>
    </councillor>
    <councillor>
        <id>4158</id>
        <updated>2020-02-14T14:50:16Z</updated>
        <active>true</active>
        <code>PER_3064_</code>
        <firstName>Thomas</firstName>
        <lastName>Burgherr</lastName>
        <number>3064</number>
        <officialDenomination>Burgherr</officialDenomination>
        <salutationLetter i:nil="true"/>
        <salutationTitle i:nil="true"/>
    </councillor>
    <councillor>
        <id>4189</id>
        <updated>2020-04-07T08:38:33Z</updated>
        <active>true</active>
        <code>PER_3065_</code>
        <firstName>Thierry</firstName>
        <lastName>Burkart</lastName>
        <number>3065</number>
        <officialDenomination>Burkart</officialDenomination>
        <salutationLetter i:nil="true"/>
        <salutationTitle i:nil="true"/>
    </councillor>
    <councillor>
        <id>4070</id>
        <updated>2019-11-19T11:23:41Z</updated>
        <active>true</active>
        <code>PER_2770_</code>
        <firstName>Martin</firstName>
        <lastName>Candinas</lastName>
        <number>2770</number>
        <officialDenomination>Candinas</officialDenomination>
        <salutationLetter i:nil="true"/>
        <salutationTitle i:nil="true"/>
    </councillor>
    <councillor>
        <id>3830</id>
        <updated>2020-05-28T12:00:59Z</updated>
        <active>true</active>
        <code>PER_2666_</code>
        <firstName>Marina</firstName>
        <lastName>Carobbio Guscetti</lastName>
        <number>2666</number>
        <officialDenomination>Carobbio Guscetti</officialDenomination>
        <salutationLetter i:nil="true"/>
        <salutationTitle i:nil="true"/>
    </councillor>
    <councillor>
        <id>4075</id>
        <updated>2019-12-13T15:57:09Z</updated>
        <active>true</active>
        <code>PER_2775_</code>
        <firstName>Andrea</firstName>
        <lastName>Caroni</lastName>
        <number>2775</number>
        <officialDenomination>Caroni</officialDenomination>
        <salutationLetter i:nil="true"/>
        <salutationTitle i:nil="true"/>
    </councillor>
    <councillor>
        <id>4217</id>
        <updated>2020-06-09T16:10:02Z</updated>
        <active>true</active>
        <code>PER_3118_</code>
        <firstName>Rocco</firstName>
        <lastName>Cattaneo</lastName>
        <number>3118</number>
        <officialDenomination>Cattaneo</officialDenomination>
        <salutationLetter i:nil="true"/>
        <salutationTitle i:nil="true"/>
    </councillor>
    <councillor>
        <id>4108</id>
        <updated>2020-05-20T15:18:30Z</updated>
        <active>true</active>
        <code>PER_3604_</code>
        <firstName>Isabelle</firstName>
        <lastName>Chevalley</lastName>
        <number>3604</number>
        <officialDenomination>Chevalley</officialDenomination>
        <salutationLetter i:nil="true"/>
        <salutationTitle i:nil="true"/>
    </councillor>
    <councillor>
        <id>4159</id>
        <updated>2020-09-02T14:27:04Z</updated>
        <active>true</active>
        <code>PER_3067_</code>
        <firstName>Marco</firstName>
        <lastName>Chiesa</lastName>
        <number>3067</number>
        <officialDenomination>Chiesa</officialDenomination>
        <salutationLetter i:nil="true"/>
        <salutationTitle i:nil="true"/>
    </councillor>
    <councillor>
        <id>4252</id>
        <updated>2020-05-19T09:26:06Z</updated>
        <active>true</active>
        <code>PER_3144_</code>
        <firstName>Katja</firstName>
        <lastName>Christ</lastName>
        <number>3144</number>
        <officialDenomination>Christ</officialDenomination>
        <salutationLetter i:nil="true"/>
        <salutationTitle i:nil="true"/>
    </councillor>
    <councillor>
        <id>4253</id>
        <updated>2020-05-08T09:26:57Z</updated>
        <active>true</active>
        <code>PER_3145_</code>
        <firstName>Christophe</firstName>
        <lastName>Clivaz</lastName>
        <number>3145</number>
        <officialDenomination>Clivaz Christophe</officialDenomination>
        <salutationLetter i:nil="true"/>
        <salutationTitle i:nil="true"/>
    </councillor>
    <councillor>
        <id>4254</id>
        <updated>2020-02-27T10:30:43Z</updated>
        <active>true</active>
        <code>PER_3146_</code>
        <firstName>Damien</firstName>
        <lastName>Cottier</lastName>
        <number>3146</number>
        <officialDenomination>Cottier</officialDenomination>
        <salutationLetter i:nil="true"/>
        <salutationTitle i:nil="true"/>
    </councillor>
    <councillor>
        <id>4219</id>
        <updated>2019-12-13T14:30:35Z</updated>
        <active>true</active>
        <code>PER_3120_</code>
        <firstName>Brigitte</firstName>
        <lastName>Crottaz</lastName>
        <number>3120</number>
        <officialDenomination>Crottaz</officialDenomination>
        <salutationLetter i:nil="true"/>
        <salutationTitle i:nil="true"/>
    </councillor>
    <councillor>
        <id>4255</id>
        <updated>2019-10-29T09:23:09Z</updated>
        <active>true</active>
        <code>PER_3147_</code>
        <firstName>Christian</firstName>
        <lastName>Dandrès</lastName>
        <number>3147</number>
        <officialDenomination>Dandrès</officialDenomination>
        <salutationLetter i:nil="true"/>
        <salutationTitle i:nil="true"/>
    </councillor>
    <councillor>
        <id>4051</id>
        <updated>2020-03-12T11:21:49Z</updated>
        <active>true</active>
        <code>PER_2757_</code>
        <firstName>Thomas</firstName>
        <lastName>de Courten</lastName>
        <number>2757</number>
        <officialDenomination>de Courten</officialDenomination>
        <salutationLetter i:nil="true"/>
        <salutationTitle i:nil="true"/>
    </councillor>
    <councillor>
        <id>4201</id>
        <updated>2019-12-13T14:55:05Z</updated>
        <active>true</active>
        <code>PER_3068_</code>
        <firstName>Denis</firstName>
        <lastName>de la Reussille</lastName>
        <number>3068</number>
        <officialDenomination>de la Reussille</officialDenomination>
        <salutationLetter i:nil="true"/>
        <salutationTitle i:nil="true"/>
    </councillor>
    <councillor>
        <id>4256</id>
        <updated>2020-07-14T09:31:20Z</updated>
        <active>true</active>
        <code>PER_3148_</code>
        <firstName>Simone</firstName>
        <lastName>de Montmollin</lastName>
        <number>3148</number>
        <officialDenomination>de Montmollin</officialDenomination>
        <salutationLetter i:nil="true"/>
        <salutationTitle i:nil="true"/>
    </councillor>
    <councillor>
        <id>4257</id>
        <updated>2020-01-22T15:31:16Z</updated>
        <active>true</active>
        <code>PER_3149_</code>
        <firstName>Jacqueline</firstName>
        <lastName>de Quattro</lastName>
        <number>3149</number>
        <officialDenomination>de Quattro</officialDenomination>
        <salutationLetter i:nil="true"/>
        <salutationTitle i:nil="true"/>
    </councillor>
    <councillor>
        <id>4160</id>
        <updated>2019-11-19T13:44:57Z</updated>
        <active>true</active>
        <code>PER_3069_</code>
        <firstName>Marcel</firstName>
        <lastName>Dettling</lastName>
        <number>3069</number>
        <officialDenomination>Dettling</officialDenomination>
        <salutationLetter i:nil="true"/>
        <salutationTitle i:nil="true"/>
    </councillor>
    <councillor>
        <id>4151</id>
        <updated>2020-02-14T15:26:48Z</updated>
        <hasMorePages>true</hasMorePages>
        <active>true</active>
        <code>PER_3052_</code>
        <firstName>Josef</firstName>
        <lastName>Dittli</lastName>
        <number>3052</number>
        <officialDenomination>Dittli</officialDenomination>
        <salutationLetter i:nil="true"/>
        <salutationTitle i:nil="true"/>
    </councillor>
</councillors>